{"inputs":[["0200000000000000000000000000000000000000000000000000000000000000","0a00000000000000000000000000000000000000000000000000000000000000","0b00000000000000000000000000000000000000000000000000000000000000"]],"pretty_elements":{"rescaled_inputs":[["0.015625","0.078125","0.0859375"]],"inputs":[["0x0000000000000000000000000000000000000000000000000000000000000002","0x000000000000000000000000000000000000000000000000000000000000000a","0x000000000000000000000000000000000000000000000000000000000000000b"]],"processed_inputs":[],"processed_params":[],"processed_outputs":[],"rescaled_outputs":[["0"]],"outputs":[["0x0000000000000000000000000000000000000000000000000000000000000000"]]},"outputs":[["0000000000000000000000000000000000000000000000000000000000000000"]],"processed_inputs":null,"processed_params":null,"processed_outputs":null,"max_lookup_inputs":0,"min_lookup_inputs":0,"max_range_size":16383}